fit_id,version,fit_date,train_start,train_last_signal,max_label_available_at,a,c,half_life,valid_samples,valid_dates,l2_reg,fallback_reason,success,theta_00,theta_01,theta_02,theta_03,theta_04,theta_05,theta_06,theta_07,theta_08,theta_09,theta_10,message,objective,gradient_norm,iterations,theta_11,theta_12,theta_13,theta_14,theta_15,theta_16,theta_17,theta_18,theta_19,theta_20,theta_21,theta_22,theta_23,theta_24,theta_25,theta_26,theta_27,theta_28,theta_29,theta_30,theta_31,theta_32
V1-2024-11-01-L0.1-H60,V1,2024-11-01,2024-04-16,2024-10-23,2024-10-31,0.000357424561412045,0.0,60,12250,126,0.1,unidentifiable_c_or_D,True,0.0,0.0,0.0,0.0,0.0,0.0,0.0,0.0,0.0,0.0,0.0,,,,,,,,,,,,,,,,,,,,,,,,,,
V2-2025-02-05-L0.1-H60,V2,2025-02-05,2024-07-16,2025-01-17,2025-01-27,0.00024481468942462177,0.0,60,12260,126,0.1,unidentifiable_c_or_D,True,0.0,0.0,0.0,0.0,0.0,0.0,0.0,0.0,0.0,0.0,0.0,,,,,,,,,,,,,,,,,,,,,,,,,,
V2-2025-03-03-L0.1-H60,V2,2025-03-03,2024-08-09,2025-02-20,2025-02-28,0.0003012358948034905,0.0,60,12273,126,0.1,unidentifiable_c_or_D,True,0.0,0.0,0.0,0.0,0.0,0.0,0.0,0.0,0.0,0.0,0.0,,,,,,,,,,,,,,,,,,,,,,,,,,
V2-2025-04-01-L0.1-H60,V2,2025-04-01,2024-09-09,2025-03-21,2025-03-31,0.00025490273713441134,0.0,60,12272,126,0.1,unidentifiable_c_or_D,True,0.0,0.0,0.0,0.0,0.0,0.0,0.0,0.0,0.0,0.0,0.0,,,,,,,,,,,,,,,,,,,,,,,,,,
V2-2025-05-06-L0.1-H60,V2,2025-05-06,2024-10-17,2025-04-22,2025-04-30,-7.721913213872369e-05,0.0,60,12305,126,0.1,unidentifiable_c_or_D,True,0.0,0.0,0.0,0.0,0.0,0.0,0.0,0.0,0.0,0.0,0.0,,,,,,,,,,,,,,,,,,,,,,,,,,
V2-2025-06-03-L0.1-H60,V2,2025-06-03,2024-11-13,2025-05-22,2025-05-30,-7.606142728535395e-05,0.0,60,12313,126,0.1,unidentifiable_c_or_D,True,0.0,0.0,0.0,0.0,0.0,0.0,0.0,0.0,0.0,0.0,0.0,,,,,,,,,,,,,,,,,,,,,,,,,,
V2-2025-07-01-L0.1-H60,V2,2025-07-01,2024-12-11,2025-06-20,2025-06-30,-6.212691946105443e-05,0.0,60,12313,126,0.1,unidentifiable_c_or_D,True,0.0,0.0,0.0,0.0,0.0,0.0,0.0,0.0,0.0,0.0,0.0,,,,,,,,,,,,,,,,,,,,,,,,,,
V2-2025-08-01-L0.1-H60,V2,2025-08-01,2025-01-14,2025-07-23,2025-07-31,-5.567927722547224e-06,0.0,60,12313,126,0.1,unidentifiable_c_or_D,True,0.0,0.0,0.0,0.0,0.0,0.0,0.0,0.0,0.0,0.0,0.0,,,,,,,,,,,,,,,,,,,,,,,,,,
V2-2025-09-01-L0.1-H60,V2,2025-09-01,2025-02-20,2025-08-21,2025-08-29,6.02503127123705e-05,0.0,60,12289,126,0.1,unidentifiable_c_or_D,True,0.0,0.0,0.0,0.0,0.0,0.0,0.0,0.0,0.0,0.0,0.0,,,,,,,,,,,,,,,,,,,,,,,,,,
V2-2025-10-09-L0.1-H60,V2,2025-10-09,2025-03-24,2025-09-22,2025-09-30,0.0009079768276019429,0.007985270442574523,60,12203,126,0.1,,True,1.122573866784248e-05,-1.4742217708277523e-05,-1.5349049769137272e-05,-4.42852240068945e-07,-3.834374877236692e-06,1.6509714005083005e-05,1.767333314145343e-05,2.4572134523720584e-05,-1.2251964158699096e-05,-1.0185665993235656e-05,2.9342874362388605e-06,CONVERGENCE: NORM OF PROJECTED GRADIENT <= PGTOL,0.002898413730207642,9.263621187620237e-11,1.0,,,,,,,,,,,,,,,,,,,,,,
V2-2025-11-03-L0.1-H60,V2,2025-11-03,2025-04-17,2025-10-23,2025-10-31,0.0016864423952503184,0.01035567223147261,60,12135,126,0.1,,True,9.526414018640233e-06,-3.462063253268125e-05,-4.255971634393639e-06,-8.81615840475213e-06,-1.239191594269011e-05,1.6579051540834838e-05,2.491371274738934e-05,2.4224438978641e-05,-4.110890826114594e-07,-6.065615128295714e-06,1.2763104803075535e-05,CONVERGENCE: NORM OF PROJECTED GRADIENT <= PGTOL,0.0031690182134091354,1.5063762462254966e-10,1.0,,,,,,,,,,,,,,,,,,,,,,
V2-2025-12-01-L0.1-H60,V2,2025-12-01,2025-05-20,2025-11-20,2025-11-28,0.00233827003387324,0.012000158384296014,60,12087,126,0.1,,True,1.1834496249360785e-05,-2.9532646728273627e-05,-7.211731125663189e-07,-5.714681167383335e-06,-1.3132453171299737e-05,1.968095039259175e-05,3.281591895438871e-05,2.2756691241272077e-05,1.0884120054215958e-05,-4.487570515836952e-06,1.4499324226615099e-05,CONVERGENCE: NORM OF PROJECTED GRADIENT <= PGTOL,0.003365656194660052,5.266612512680407e-16,2.0,,,,,,,,,,,,,,,,,,,,,,
V2-2026-01-05-L0.1-H60,V2,2026-01-05,2025-06-23,2025-12-23,2025-12-31,0.0021031973050478917,0.010454039619025279,60,12030,126,0.1,,True,8.857951136582541e-06,-2.175593700900416e-05,6.743846745045163e-06,1.716757530660535e-06,-1.4911960971643818e-05,1.1154856514978366e-05,2.3059095042864804e-05,1.8921427067551168e-05,1.6784862079664098e-05,4.199105246548659e-06,6.3863108141712826e-06,CONVERGENCE: NORM OF PROJECTED GRADIENT <= PGTOL,0.0034828059970276218,9.488919343537945e-11,1.0,,,,,,,,,,,,,,,,,,,,,,
V2-2026-02-02-L0.1-H60,V2,2026-02-02,2025-07-21,2026-01-22,2026-01-30,0.0027954296901284083,0.014766513426502996,60,11962,126,0.1,,True,8.589465246419337e-06,-3.92674209284395e-05,2.3379634366431835e-05,-5.444467336602301e-06,-2.1084468437996323e-05,2.711638107171943e-05,7.399452437372931e-06,1.973046959254437e-05,3.2524909350078624e-05,1.0164433017275787e-05,1.0153474933544069e-05,CONVERGENCE: NORM OF PROJECTED GRADIENT <= PGTOL,0.003839119855974932,1.6334387207780172e-15,2.0,,,,,,,,,,,,,,,,,,,,,,
V2-2026-03-02-L0.1-H60,V2,2026-03-02,2025-08-08,2026-02-11,2026-02-27,0.0024029715844640087,0.012964115102268449,60,11936,126,0.1,optimization_failed,False,0.0,0.0,0.0,0.0,0.0,0.0,0.0,0.0,0.0,0.0,0.0,ABNORMAL: ,0.003785633157803889,2.152113430087633e-10,1.0,,,,,,,,,,,,,,,,,,,,,,
V2-2026-04-01-L0.1-H60,V2,2026-04-01,2025-09-09,2026-03-23,2026-03-31,0.0017378929983365755,0.009814734626491068,60,11996,126,0.1,,True,1.4948746925248684e-06,-7.203741758295467e-07,2.4192018171998677e-05,-1.340652473248968e-05,-8.397903763555302e-06,2.1337359823817493e-05,-3.191023991405667e-05,5.08975951224486e-06,3.9384644796518026e-05,2.546203490838167e-05,-3.228592085297168e-06,CONVERGENCE: NORM OF PROJECTED GRADIENT <= PGTOL,0.003630708370032065,1.7150047117605234e-10,1.0,,,,,,,,,,,,,,,,,,,,,,
V2-2026-05-06-L0.1-H60,V2,2026-05-06,2025-10-16,2026-04-22,2026-04-30,0.0005668470274259762,0.0041326317378508,60,12080,126,0.1,,True,-2.296588521114261e-06,-7.081911764154162e-07,3.0712097384572897e-06,-6.658857512488537e-07,4.1419345558716024e-07,9.341380476478183e-06,-1.4751165291914584e-05,1.4786084839301723e-06,1.1211573416792468e-05,1.0248987096037672e-05,-7.873919844157863e-06,CONVERGENCE: NORM OF PROJECTED GRADIENT <= PGTOL,0.0033791119356091697,3.20398711573184e-11,1.0,,,,,,,,,,,,,,,,,,,,,,
V2-2026-06-01-L0.1-H60,V2,2026-06-01,2025-11-11,2026-05-21,2026-05-29,0.0015186365583120722,0.008840771084056011,60,12098,126,0.1,,True,2.1504561075800152e-06,8.891147798176365e-06,1.2586242260846403e-05,1.5294348728621016e-05,-8.516898766642284e-06,2.3491666368864808e-05,-5.4587563746251217e-05,1.234063284149982e-06,3.9909824163800104e-07,1.6396651501340486e-05,-1.5500956143039287e-06,CONVERGENCE: NORM OF PROJECTED GRADIENT <= PGTOL,0.0036937214142716336,1.1711695728828696e-16,2.0,,,,,,,,,,,,,,,,,,,,,,
V2-2026-07-01-L0.1-H60,V2,2026-07-01,2025-12-10,2026-06-22,2026-06-30,0.0028572734113388345,0.01577109665591004,60,12110,126,0.1,,True,8.544457515808797e-06,-3.2006231072295594e-05,4.909550401977524e-07,2.58597172793068e-05,-1.3845258153345718e-05,3.7585408434432495e-05,-0.00011586523741196872,-2.6464198217987857e-05,-6.2745614358711285e-06,2.749545068373135e-05,-9.09418385597e-06,CONVERGENCE: NORM OF PROJECTED GRADIENT <= PGTOL,0.004559703368280208,1.5881687033940438e-15,2.0,,,,,,,,,,,,,,,,,,,,,,
V2-2026-08-03-L0.1-H60,V2,2026-08-03,2026-01-14,2026-07-23,2026-07-31,0.0014807090842395866,0.005668293086745481,60,12165,126,0.1,,True,-1.0998616103663626e-05,-5.577282716998049e-06,3.313154014386676e-06,7.869689557033959e-06,-1.5539845297195794e-06,1.2687234455883751e-05,-3.519352619877248e-05,-6.527430829079823e-06,-3.1311588694666207e-06,8.988166019793647e-06,-6.4272056841264475e-06,CONVERGENCE: NORM OF PROJECTED GRADIENT <= PGTOL,0.005447623800790482,1.0080220218557155e-10,1.0,,,,,,,,,,,,,,,,,,,,,,
V3-2025-02-05-L0.1-H60,V3,2025-02-05,2024-07-16,2025-01-17,2025-01-27,0.00024481468942462177,0.0,60,12260,126,0.1,unidentifiable_c_or_D,True,0.0,0.0,0.0,0.0,0.0,0.0,0.0,0.0,0.0,0.0,0.0,,,,,,,,,,,,,,,,,,,,,,,,,,
V3-2025-03-03-L0.1-H60,V3,2025-03-03,2024-08-09,2025-02-20,2025-02-28,0.0003012358948034905,0.0,60,12273,126,0.1,unidentifiable_c_or_D,True,0.0,0.0,0.0,0.0,0.0,0.0,0.0,0.0,0.0,0.0,0.0,,,,,,,,,,,,,,,,,,,,,,,,,,
V3-2025-04-01-L0.1-H60,V3,2025-04-01,2024-09-09,2025-03-21,2025-03-31,0.00025490273713441134,0.0,60,12272,126,0.1,unidentifiable_c_or_D,True,0.0,0.0,0.0,0.0,0.0,0.0,0.0,0.0,0.0,0.0,0.0,,,,,,,,,,,,,,,,,,,,,,,,,,
V3-2025-05-06-L0.1-H60,V3,2025-05-06,2024-10-17,2025-04-22,2025-04-30,-7.721913213872369e-05,0.0,60,12305,126,0.1,unidentifiable_c_or_D,True,0.0,0.0,0.0,0.0,0.0,0.0,0.0,0.0,0.0,0.0,0.0,,,,,,,,,,,,,,,,,,,,,,,,,,
V3-2025-06-03-L0.1-H60,V3,2025-06-03,2024-11-13,2025-05-22,2025-05-30,-7.606142728535395e-05,0.0,60,12313,126,0.1,unidentifiable_c_or_D,True,0.0,0.0,0.0,0.0,0.0,0.0,0.0,0.0,0.0,0.0,0.0,,,,,,,,,,,,,,,,,,,,,,,,,,
V3-2025-07-01-L0.1-H60,V3,2025-07-01,2024-12-11,2025-06-20,2025-06-30,-6.212691946105443e-05,0.0,60,12313,126,0.1,unidentifiable_c_or_D,True,0.0,0.0,0.0,0.0,0.0,0.0,0.0,0.0,0.0,0.0,0.0,,,,,,,,,,,,,,,,,,,,,,,,,,
V3-2025-08-01-L0.1-H60,V3,2025-08-01,2025-01-14,2025-07-23,2025-07-31,-5.567927722547224e-06,0.0,60,12313,126,0.1,unidentifiable_c_or_D,True,0.0,0.0,0.0,0.0,0.0,0.0,0.0,0.0,0.0,0.0,0.0,,,,,,,,,,,,,,,,,,,,,,,,,,
V3-2025-09-01-L0.1-H60,V3,2025-09-01,2025-02-20,2025-08-21,2025-08-29,6.02503127123705e-05,0.0,60,12289,126,0.1,unidentifiable_c_or_D,True,0.0,0.0,0.0,0.0,0.0,0.0,0.0,0.0,0.0,0.0,0.0,,,,,,,,,,,,,,,,,,,,,,,,,,
V3-2025-10-09-L0.1-H60,V3,2025-10-09,2025-03-24,2025-09-22,2025-09-30,0.0009079768276019429,0.007985270442574523,60,12203,126,0.1,,True,-2.3121511503203306e-05,-2.180091498992362e-05,-1.6983614854821594e-05,-5.29108381720633e-06,-6.111775332079035e-06,2.8364202769330807e-05,2.6935071537041385e-05,3.313419125839784e-05,-6.708185902488221e-06,-1.2065099376156042e-05,7.0626023666622555e-06,CONVERGENCE: NORM OF PROJECTED GRADIENT <= PGTOL,0.003482229951270512,5.845439900229659e-17,2.0,,,,,,,,,,,,,,,,,,,,,,
V3-2025-11-03-L0.1-H60,V3,2025-11-03,2025-04-17,2025-10-23,2025-10-31,0.0016864423952503184,0.01035567223147261,60,12135,126,0.1,,True,-2.9087668482384652e-05,-5.209916651829457e-05,4.57059533496827e-06,-1.842271570706477e-05,-1.6014165099184625e-05,2.3435381761730323e-05,2.5928510966144843e-05,3.28642808216057e-05,1.7756657790198955e-05,4.0272167021423515e-06,1.6498778395139608e-05,CONVERGENCE: NORM OF PROJECTED GRADIENT <= PGTOL,0.00375015454950599,4.0740189107894018e-16,2.0,,,,,,,,,,,,,,,,,,,,,,
V3-2025-12-01-L0.1-H60,V3,2025-12-01,2025-05-20,2025-11-20,2025-11-28,0.00233827003387324,0.012000158384296014,60,12087,126,0.1,,True,5.166228751643333e-06,-2.9273081386183582e-05,1.0666065530180951e-05,-5.060611026793988e-06,-1.9055356338588316e-05,1.5157287271229764e-05,3.6079526009251114e-05,1.891243997774517e-05,2.4682010615220923e-05,9.27346874362157e-06,1.3365984229339415e-05,CONVERGENCE: NORM OF PROJECTED GRADIENT <= PGTOL,0.0036732054153753935,6.41441229412761e-16,2.0,,,,,,,,,,,,,,,,,,,,,,
V3-2026-01-05-L0.1-H60,V3,2026-01-05,2025-06-23,2025-12-23,2025-12-31,0.0021031973050478917,0.010454039619025279,60,12030,126,0.1,,True,3.103000038446658e-05,-1.5981615419302092e-05,1.8438921563333215e-05,2.081424048932825e-06,-1.2633167982032006e-05,-1.4873913947397516e-06,5.248396721010215e-06,3.6824202864566755e-06,1.53213927465844e-05,1.642805731854416e-05,8.024418248341044e-06,CONVERGENCE: NORM OF PROJECTED GRADIENT <= PGTOL,0.0032711497908763675,8.101685528518693e-11,1.0,,,,,,,,,,,,,,,,,,,,,,
V3-2026-02-02-L0.1-H60,V3,2026-02-02,2025-07-21,2026-01-22,2026-01-30,0.0027954296901284083,0.014766513426502996,60,11962,126,0.1,,True,2.453231531557442e-05,-2.639818567770198e-05,3.0931777249139025e-05,-1.0778725092274798e-05,-2.118425441505135e-05,2.9861207919701903e-05,-3.257255795815628e-05,6.372116278286404e-07,3.302549289429085e-05,2.5660359912077204e-05,8.883505252452561e-07,CONVERGENCE: NORM OF PROJECTED GRADIENT <= PGTOL,0.0036188475224024678,7.992599156684554e-16,2.0,,,,,,,,,,,,,,,,,,,,,,
V3-2026-03-02-L0.1-H60,V3,2026-03-02,2025-08-08,2026-02-11,2026-02-27,0.0024029715844640087,0.012964115102268449,60,11936,126,0.1,,True,1.16331229508661e-05,-6.126165668279461e-06,1.8671286015589364e-05,-2.4461799779017863e-05,5.540349028862264e-06,3.484496834351262e-05,-3.2231131220642225e-05,-3.1440742485029375e-06,3.694759050356712e-05,2.3037488749785733e-05,-1.7412878948549015e-06,CONVERGENCE: NORM OF PROJECTED GRADIENT <= PGTOL,0.00364573335920087,6.754198293336024e-16,2.0,,,,,,,,,,,,,,,,,,,,,,
V3-2026-04-01-L0.1-H60,V3,2026-04-01,2025-09-09,2026-03-23,2026-03-31,0.0017378929983365755,0.009814734626491068,60,11996,126,0.1,,True,9.988055838066885e-06,1.7487474130721392e-05,2.0243077873989398e-05,-7.555885824943362e-06,-6.655361436213647e-06,3.1011649041816716e-05,-4.315235882550429e-05,4.63144691674783e-06,4.10289800272047e-05,2.008378950731797e-05,-1.1414005566171663e-05,CONVERGENCE: NORM OF PROJECTED GRADIENT <= PGTOL,0.0036194109450329286,1.0362970571244223e-16,2.0,,,,,,,,,,,,,,,,,,,,,,
V3-2026-05-06-L0.1-H60,V3,2026-05-06,2025-10-16,2026-04-22,2026-04-30,0.0005668470274259762,0.0041326317378508,60,12080,126,0.1,,True,-2.752302287038475e-06,-9.440530249550076e-07,2.251367692561132e-08,2.4227523976208145e-06,1.1034422664491734e-06,1.2148682208747809e-05,-1.6892149877155717e-05,3.391323239821839e-06,7.959834262175555e-06,9.636888453412628e-06,-7.969715687916136e-06,CONVERGENCE: NORM OF PROJECTED GRADIENT <= PGTOL,0.0034396358748424805,3.871512911647075e-11,1.0,,,,,,,,,,,,,,,,,,,,,,
V3-2026-06-01-L0.1-H60,V3,2026-06-01,2025-11-11,2026-05-21,2026-05-29,0.0015186365583120722,0.008840771084056011,60,12098,126,0.1,,True,-3.0357396489015723e-05,-5.239912445956731e-06,9.236485981448271e-06,2.4133830528925487e-05,-1.400356100101092e-05,2.9235230259699956e-05,-6.014729930914483e-05,8.835444634480358e-06,-8.870786939498821e-06,1.3515905235119035e-05,8.30736599524946e-07,CONVERGENCE: NORM OF PROJECTED GRADIENT <= PGTOL,0.00401729540865411,7.611231953599238e-17,2.0,,,,,,,,,,,,,,,,,,,,,,
V3-2026-07-01-L0.1-H60,V3,2026-07-01,2025-12-10,2026-06-22,2026-06-30,0.0028572734113388345,0.01577109665591004,60,12110,126,0.1,,True,-2.37302951026206e-05,-6.90917535995578e-05,-9.805675321435658e-06,3.101017330097854e-05,-1.717401061886603e-05,2.3190356430391783e-05,-0.00013086716088190497,-4.7102156338538216e-05,-2.9563964698471945e-05,2.7076823504752308e-05,-8.11739636050235e-06,CONVERGENCE: NORM OF PROJECTED GRADIENT <= PGTOL,0.005212988557539119,7.232885392159589e-16,2.0,,,,,,,,,,,,,,,,,,,,,,
V3-2026-08-03-L0.1-H60,V3,2026-08-03,2026-01-14,2026-07-23,2026-07-31,0.0014807090842395866,0.005668293086745481,60,12165,126,0.1,,True,1.9845489467328776e-06,-5.5146213659307325e-06,7.471662463129215e-06,9.006010617464114e-06,-5.927256572241762e-06,4.513384958796215e-06,-3.8494960460915317e-05,-1.0437457738637721e-05,-7.375108610001349e-06,9.056763691098064e-06,-4.575652259469652e-06,CONVERGENCE: NORM OF PROJECTED GRADIENT <= PGTOL,0.006137603255384889,7.889673520599615e-11,1.0,,,,,,,,,,,,,,,,,,,,,,
V4-2025-02-05-L0.1-H60,V4,2025-02-05,2024-07-16,2025-01-17,2025-01-27,0.00024481468942462177,0.0,60,12260,126,0.1,unidentifiable_c_or_D,True,0.0,0.0,0.0,0.0,0.0,0.0,0.0,0.0,0.0,0.0,0.0,,,,,0.0,0.0,0.0,0.0,0.0,0.0,0.0,0.0,0.0,0.0,0.0,,,,,,,,,,,
V4-2025-03-03-L0.1-H60,V4,2025-03-03,2024-08-09,2025-02-20,2025-02-28,0.0003012358948034905,0.0,60,12273,126,0.1,unidentifiable_c_or_D,True,0.0,0.0,0.0,0.0,0.0,0.0,0.0,0.0,0.0,0.0,0.0,,,,,0.0,0.0,0.0,0.0,0.0,0.0,0.0,0.0,0.0,0.0,0.0,,,,,,,,,,,
V4-2025-04-01-L0.1-H60,V4,2025-04-01,2024-09-09,2025-03-21,2025-03-31,0.00025490273713441134,0.0,60,12272,126,0.1,unidentifiable_c_or_D,True,0.0,0.0,0.0,0.0,0.0,0.0,0.0,0.0,0.0,0.0,0.0,,,,,0.0,0.0,0.0,0.0,0.0,0.0,0.0,0.0,0.0,0.0,0.0,,,,,,,,,,,
V4-2025-05-06-L0.1-H60,V4,2025-05-06,2024-10-17,2025-04-22,2025-04-30,-7.721913213872369e-05,0.0,60,12305,126,0.1,unidentifiable_c_or_D,True,0.0,0.0,0.0,0.0,0.0,0.0,0.0,0.0,0.0,0.0,0.0,,,,,0.0,0.0,0.0,0.0,0.0,0.0,0.0,0.0,0.0,0.0,0.0,,,,,,,,,,,
V4-2025-06-03-L0.1-H60,V4,2025-06-03,2024-11-13,2025-05-22,2025-05-30,-7.606142728535395e-05,0.0,60,12313,126,0.1,unidentifiable_c_or_D,True,0.0,0.0,0.0,0.0,0.0,0.0,0.0,0.0,0.0,0.0,0.0,,,,,0.0,0.0,0.0,0.0,0.0,0.0,0.0,0.0,0.0,0.0,0.0,,,,,,,,,,,
V4-2025-07-01-L0.1-H60,V4,2025-07-01,2024-12-11,2025-06-20,2025-06-30,-6.212691946105443e-05,0.0,60,12313,126,0.1,unidentifiable_c_or_D,True,0.0,0.0,0.0,0.0,0.0,0.0,0.0,0.0,0.0,0.0,0.0,,,,,0.0,0.0,0.0,0.0,0.0,0.0,0.0,0.0,0.0,0.0,0.0,,,,,,,,,,,
V4-2025-08-01-L0.1-H60,V4,2025-08-01,2025-01-14,2025-07-23,2025-07-31,-5.567927722547224e-06,0.0,60,12313,126,0.1,unidentifiable_c_or_D,True,0.0,0.0,0.0,0.0,0.0,0.0,0.0,0.0,0.0,0.0,0.0,,,,,0.0,0.0,0.0,0.0,0.0,0.0,0.0,0.0,0.0,0.0,0.0,,,,,,,,,,,
V4-2025-09-01-L0.1-H60,V4,2025-09-01,2025-02-20,2025-08-21,2025-08-29,6.02503127123705e-05,0.0,60,12289,126,0.1,unidentifiable_c_or_D,True,0.0,0.0,0.0,0.0,0.0,0.0,0.0,0.0,0.0,0.0,0.0,,,,,0.0,0.0,0.0,0.0,0.0,0.0,0.0,0.0,0.0,0.0,0.0,,,,,,,,,,,
V4-2025-10-09-L0.1-H60,V4,2025-10-09,2025-03-24,2025-09-22,2025-09-30,0.0009079768276019429,0.007985270442574523,60,12203,126,0.1,,True,-2.311947767933615e-05,-0.0001556079500365083,-2.180009888815513e-05,-1.6983233754555663e-05,-5.290086674715955e-06,-6.111511406694586e-06,2.8363245738527843e-05,2.693451106895121e-05,3.3133001763258935e-05,-6.708261400364958e-06,-1.2065145171206672e-05,CONVERGENCE: NORM OF PROJECTED GRADIENT <= PGTOL,0.0034822254511521966,1.3046226914955543e-14,2.0,7.062561808280243e-06,-5.0758134637423204e-05,-2.4914753305786784e-05,-2.8133673418700374e-05,-5.824826462475792e-06,7.984562483528051e-05,5.2243335504759216e-05,8.325446698102575e-05,1.2271380506953675e-05,-1.0513719761414143e-05,2.158435467578936e-05,,,,,,,,,,,
V4-2025-11-03-L0.1-H60,V4,2025-11-03,2025-04-17,2025-10-23,2025-10-31,0.0016864423952503184,0.01035567223147261,60,12135,126,0.1,,True,-2.908132408997541e-05,-0.00018442542308431132,-5.209504387147781e-05,4.569780934577876e-06,-1.841930770092111e-05,-1.6013044057007578e-05,2.343309306952633e-05,2.5926838881102345e-05,3.286091867883928e-05,1.7754861944442202e-05,4.0264984714890205e-06,CONVERGENCE: NORM OF PROJECTED GRADIENT <= PGTOL,0.003750145845068916,9.301752501505235e-14,2.0,1.6498549585285857e-05,-0.00014330110995343934,3.8018703120200423e-05,-6.831746699945265e-05,-3.4836759342084806e-05,6.67673559126525e-05,4.351165096516466e-05,8.79452955684633e-05,8.553010222455294e-05,4.3499354600159604e-05,4.3227902192457316e-05,,,,,,,,,,,
V4-2025-12-01-L0.1-H60,V4,2025-12-01,2025-05-20,2025-11-20,2025-11-28,0.00233827003387324,0.012000158384296014,60,12087,126,0.1,,True,5.171637325270546e-06,-7.865576468491394e-05,-2.926824941598019e-05,1.0663871921055584e-05,-5.057170400534253e-06,-1.9053632026229237e-05,1.5154711231985998e-05,3.607576892106774e-05,1.8909195787395704e-05,2.4678309948155303e-05,9.272388739024334e-06,CONVERGENCE: NORM OF PROJECTED GRADIENT <= PGTOL,0.0036732008139232692,1.5543204248789005e-13,2.0,1.3366023424838182e-05,-0.00010317503304452098,4.3593382527589764e-05,-3.575212528939542e-05,-4.4392489230540205e-05,4.129715346284621e-05,8.241817633641072e-05,5.8316635389667274e-05,9.524226353457634e-05,4.8967106316699944e-05,2.568258523756548e-05,,,,,,,,,,,
V4-2026-01-05-L0.1-H60,V4,2026-01-05,2025-06-23,2025-12-23,2025-12-31,0.0021031973050478917,0.010454039619025279,60,12030,126,0.1,,True,3.10323513240236e-05,-4.998831954042131e-05,-1.598000262700839e-05,1.8438049726118627e-05,2.083011429450791e-06,-1.2632570904154736e-05,-1.4884447377233951e-06,5.247095859577679e-06,3.6810821015053297e-06,1.532009193076001e-05,1.642761621960081e-05,CONVERGENCE: NORM OF PROJECTED GRADIENT <= PGTOL,0.0032711477979369494,4.625710074685419e-14,2.0,8.024558975184261e-06,-6.51783598400077e-05,3.0244556612525914e-05,-3.516915017062767e-05,-2.8229701246508676e-05,2.789432515326806e-05,4.9228583649604575e-05,4.275897309749914e-05,5.922164444759599e-05,3.845677757595803e-05,1.4705610670349932e-05,,,,,,,,,,,
V4-2026-02-02-L0.1-H60,V4,2026-02-02,2025-07-21,2026-01-22,2026-01-30,0.0027954296901284083,0.014766513426502996,60,11962,126,0.1,,True,2.4536076140841726e-05,-5.047509176597721e-05,-2.639449723617639e-05,3.093007882174295e-05,-1.0775929487209144e-05,-2.1183457949017534e-05,2.98586466355399e-05,-3.257469624479846e-05,6.352784513679033e-07,3.302322543602455e-05,2.565949797437415e-05,CONVERGENCE: NORM OF PROJECTED GRADIENT <= PGTOL,0.0036188452428737887,1.311738771295569e-13,2.0,8.887137197977675e-07,-8.373389617898972e-05,3.685742152810949e-05,-3.7011814709656396e-05,-2.0742615293801057e-05,4.636873379561721e-05,4.7535456027520106e-05,2.9034285120391754e-05,5.5853179971766475e-05,3.96224718957767e-05,1.1510731918876304e-05,,,,,,,,,,,
V4-2026-03-02-L0.1-H60,V4,2026-03-02,2025-08-08,2026-02-11,2026-02-27,0.0024029715844640087,0.012964115102268449,60,11936,126,0.1,,True,1.1636271004146294e-05,-4.769249244221212e-05,-6.124549850592405e-06,1.8670619066557754e-05,-2.4459122096071827e-05,5.53966125175246e-06,3.484237698545607e-05,-3.2232583736619845e-05,-3.1452539767123527e-06,3.6944927945246756e-05,2.3036603476880234e-05,CONVERGENCE: NORM OF PROJECTED GRADIENT <= PGTOL,0.003645731523254843,8.844459899249485e-14,2.0,-1.7407525823178572e-06,-3.721185479305221e-05,1.920390792825179e-05,-5.709522230443294e-05,2.1923086244543713e-05,5.8530368033148455e-05,2.5838265363867035e-05,1.7729632901185747e-05,7.080402454056773e-05,3.388932212885214e-05,4.408025621706253e-06,,,,,,,,,,,
V4-2026-04-01-L0.1-H60,V4,2026-04-01,2025-09-09,2026-03-23,2026-03-31,0.0017378929983365755,0.009814734626491068,60,11996,126,0.1,,True,9.988772395752838e-06,-2.1072785623374343e-05,1.7487273843998462e-05,2.0242611643266963e-05,-7.5551529669119995e-06,-6.655567132751393e-06,3.101081598857692e-05,-4.3152307550918194e-05,4.631016707818166e-06,4.10274593239754e-05,2.008309477400133e-05,CONVERGENCE: NORM OF PROJECTED GRADIENT <= PGTOL,0.003619409898045738,1.564912041763075e-14,2.0,-1.1413676800362612e-05,1.2273426000396314e-05,2.6141863324878948e-05,-2.4146961449316617e-05,3.2302862378895516e-06,4.047882751264561e-05,-1.2317478394223354e-05,1.4755870974205634e-05,7.237309621281839e-05,3.515198993694568e-05,-1.0782698785950856e-05,,,,,,,,,,,
V4-2026-05-06-L0.1-H60,V4,2026-05-06,2025-10-16,2026-04-22,2026-04-30,0.0005668470274259762,0.0041326317378508,60,12080,126,0.1,,True,-2.7522973269120988e-06,-9.074411500186615e-06,-9.440874811270102e-07,2.2507440442549283e-08,2.4228019780215325e-06,1.1034322866193853e-06,1.2148751632349652e-05,-1.6892282241833438e-05,3.391334969556478e-06,7.959839616596441e-06,9.63694735476953e-06,CONVERGENCE: NORM OF PROJECTED GRADIENT <= PGTOL,0.003439635713038606,5.725658117626502e-17,2.0,-7.969754061564515e-06,1.8113278674683607e-05,6.32800051501183e-06,-9.214424576687117e-06,6.634100032769287e-06,1.1345871428668802e-05,-4.900273093290388e-07,1.0729728394050333e-06,2.8483933209968558e-05,4.199478411622342e-06,-8.918714577615422e-06,,,,,,,,,,,
V4-2026-06-01-L0.1-H60,V4,2026-06-01,2025-11-11,2026-05-21,2026-05-29,0.0015186365583120722,0.008840771084056011,60,12098,126,0.1,,True,-3.03574319748716e-05,-4.78138426756637e-06,-5.24011539271555e-06,9.236476210335879e-06,2.41338640976293e-05,-1.4003593831419526e-05,2.923515363778401e-05,-6.014719771207223e-05,8.835389164810018e-06,-8.870896888416957e-06,1.351584957342362e-05,CONVERGENCE: NORM OF PROJECTED GRADIENT <= PGTOL,0.004017295097396836,7.725799440150333e-16,2.0,8.307943492257598e-07,3.94464856889887e-05,1.2885160588449481e-05,-2.57897849767755e-06,1.7053657891291629e-06,2.0371191526332044e-05,-2.1691465851211728e-05,4.450482322838903e-06,1.9300113025814644e-05,-4.039157203519091e-06,-7.995651828324025e-06,,,,,,,,,,,
V4-2026-07-01-L0.1-H60,V4,2026-07-01,2025-12-10,2026-06-22,2026-06-30,0.0028572734113388345,0.01577109665591004,60,12110,126,0.1,,True,-2.373027794528294e-05,7.028714572577722e-06,-6.909138616109317e-05,-9.805338754704145e-06,3.101026359615745e-05,-1.7174262372691473e-05,2.3190449512202722e-05,-0.0001308648421345871,-4.710041565151217e-05,-2.9564453990951485e-05,2.707634124339886e-05,CONVERGENCE: NORM OF PROJECTED GRADIENT <= PGTOL,0.005212987306054985,3.3106531159769877e-14,2.0,-8.117079475526548e-06,-1.4712341240380853e-05,-4.557661182473079e-06,-1.3091600817032169e-05,1.0590220045757457e-05,5.348908669030622e-06,-8.423506876597875e-05,-6.355731607244823e-05,1.953233144100387e-05,1.5143581745266188e-06,-1.99111966400318e-05,,,,,,,,,,,
V4-2026-08-03-L0.1-H60,V4,2026-08-03,2026-01-14,2026-07-23,2026-07-31,0.0014807090842395866,0.005668293086745481,60,12165,126,0.1,,True,1.984558423791978e-06,4.688700637495719e-06,-5.514673809925809e-06,7.471749086071441e-06,9.006105808066091e-06,-5.927316736830296e-06,4.513440504354303e-06,-3.8495202332958374e-05,-1.0437511262134252e-05,-7.375195115804795e-06,9.056825792497359e-06,CONVERGENCE: NORM OF PROJECTED GRADIENT <= PGTOL,0.006137603137379103,1.3427245484613738e-16,2.0,-4.5756821801389475e-06,2.47641903751794e-06,2.8678859400927572e-06,-2.37489747712241e-06,2.9542944872572526e-06,2.911549482002295e-06,-2.4979772998611944e-05,-1.7919092482216874e-05,7.936194160175024e-06,3.2348630168876717e-06,-1.0116033382576593e-05,,,,,,,,,,,
V5-2025-02-05-L0.1-H60,V5,2025-02-05,2024-07-16,2025-01-17,2025-01-27,0.00024481468942462177,0.0,60,12260,126,0.1,unidentifiable_c_or_D,True,0.0,0.0,0.0,0.0,0.0,0.0,0.0,0.0,0.0,0.0,0.0,,,,,0.0,0.0,0.0,0.0,0.0,0.0,0.0,0.0,0.0,0.0,0.0,0.0,0.0,0.0,0.0,0.0,0.0,0.0,0.0,0.0,0.0,0.0
V5-2025-03-03-L0.1-H60,V5,2025-03-03,2024-08-09,2025-02-20,2025-02-28,0.0003012358948034905,0.0,60,12273,126,0.1,unidentifiable_c_or_D,True,0.0,0.0,0.0,0.0,0.0,0.0,0.0,0.0,0.0,0.0,0.0,,,,,0.0,0.0,0.0,0.0,0.0,0.0,0.0,0.0,0.0,0.0,0.0,0.0,0.0,0.0,0.0,0.0,0.0,0.0,0.0,0.0,0.0,0.0
V5-2025-04-01-L0.1-H60,V5,2025-04-01,2024-09-09,2025-03-21,2025-03-31,0.00025490273713441134,0.0,60,12272,126,0.1,unidentifiable_c_or_D,True,0.0,0.0,0.0,0.0,0.0,0.0,0.0,0.0,0.0,0.0,0.0,,,,,0.0,0.0,0.0,0.0,0.0,0.0,0.0,0.0,0.0,0.0,0.0,0.0,0.0,0.0,0.0,0.0,0.0,0.0,0.0,0.0,0.0,0.0
V5-2025-05-06-L0.1-H60,V5,2025-05-06,2024-10-17,2025-04-22,2025-04-30,-7.721913213872369e-05,0.0,60,12305,126,0.1,unidentifiable_c_or_D,True,0.0,0.0,0.0,0.0,0.0,0.0,0.0,0.0,0.0,0.0,0.0,,,,,0.0,0.0,0.0,0.0,0.0,0.0,0.0,0.0,0.0,0.0,0.0,0.0,0.0,0.0,0.0,0.0,0.0,0.0,0.0,0.0,0.0,0.0
V5-2025-06-03-L0.1-H60,V5,2025-06-03,2024-11-13,2025-05-22,2025-05-30,-7.606142728535395e-05,0.0,60,12313,126,0.1,unidentifiable_c_or_D,True,0.0,0.0,0.0,0.0,0.0,0.0,0.0,0.0,0.0,0.0,0.0,,,,,0.0,0.0,0.0,0.0,0.0,0.0,0.0,0.0,0.0,0.0,0.0,0.0,0.0,0.0,0.0,0.0,0.0,0.0,0.0,0.0,0.0,0.0
V5-2025-07-01-L0.1-H60,V5,2025-07-01,2024-12-11,2025-06-20,2025-06-30,-6.212691946105443e-05,0.0,60,12313,126,0.1,unidentifiable_c_or_D,True,0.0,0.0,0.0,0.0,0.0,0.0,0.0,0.0,0.0,0.0,0.0,,,,,0.0,0.0,0.0,0.0,0.0,0.0,0.0,0.0,0.0,0.0,0.0,0.0,0.0,0.0,0.0,0.0,0.0,0.0,0.0,0.0,0.0,0.0
V5-2025-08-01-L0.1-H60,V5,2025-08-01,2025-01-14,2025-07-23,2025-07-31,-5.567927722547224e-06,0.0,60,12313,126,0.1,unidentifiable_c_or_D,True,0.0,0.0,0.0,0.0,0.0,0.0,0.0,0.0,0.0,0.0,0.0,,,,,0.0,0.0,0.0,0.0,0.0,0.0,0.0,0.0,0.0,0.0,0.0,0.0,0.0,0.0,0.0,0.0,0.0,0.0,0.0,0.0,0.0,0.0
V5-2025-09-01-L0.1-H60,V5,2025-09-01,2025-02-20,2025-08-21,2025-08-29,6.02503127123705e-05,0.0,60,12289,126,0.1,unidentifiable_c_or_D,True,0.0,0.0,0.0,0.0,0.0,0.0,0.0,0.0,0.0,0.0,0.0,,,,,0.0,0.0,0.0,0.0,0.0,0.0,0.0,0.0,0.0,0.0,0.0,0.0,0.0,0.0,0.0,0.0,0.0,0.0,0.0,0.0,0.0,0.0
V5-2025-10-09-L0.1-H60,V5,2025-10-09,2025-03-24,2025-09-22,2025-09-30,0.0009079768276019429,0.007985270442574523,60,12203,126,0.1,,True,-2.311947767933615e-05,-0.0001556079500365083,0.0,-2.180009888815513e-05,-1.6983233754555666e-05,-5.290086674715954e-06,-6.111511406694586e-06,2.8363245738527847e-05,2.6934511068951214e-05,3.3133001763258935e-05,-6.708261400364957e-06,CONVERGENCE: NORM OF PROJECTED GRADIENT <= PGTOL,0.0034822254511521966,1.3046227616674449e-14,2.0,-1.2065145171206674e-05,7.062561808280243e-06,-5.075813463742321e-05,-2.4914753305786784e-05,-2.8133673418700374e-05,-5.824826462475791e-06,7.984562483528053e-05,5.2243335504759216e-05,8.325446698102576e-05,1.2271380506953675e-05,-1.0513719761414145e-05,2.1584354675789364e-05,0.0,0.0,0.0,0.0,0.0,0.0,0.0,0.0,0.0,0.0
V5-2025-11-03-L0.1-H60,V5,2025-11-03,2025-04-17,2025-10-23,2025-10-31,0.0016864423952503184,0.01035567223147261,60,12135,126,0.1,,True,-2.9081339333658996e-05,-0.000184425468969055,3.9399586508783116e-05,-5.209501842687983e-05,4.569714992172864e-06,-1.8419346670357213e-05,-1.6013035179983906e-05,2.3433118450540372e-05,2.592685095768725e-05,3.2860933127556155e-05,1.7754807921738015e-05,CONVERGENCE: NORM OF PROJECTED GRADIENT <= PGTOL,0.0037501452366468214,1.2863379297334942e-13,2.0,4.026464078902325e-06,1.649850327429322e-05,-0.0001433010336140741,3.8018505326415756e-05,-6.831758394082571e-05,-3.483673269752863e-05,6.676743205096409e-05,4.35116871535744e-05,8.794533890801466e-05,8.552994020642578e-05,4.349925147459577e-05,4.3227763242883525e-05,2.129809076551287e-05,-5.5725236623876185e-06,-4.366845342371871e-07,5.826286869160036e-07,3.968552911320159e-05,-3.286627548270917e-05,-9.542128475123656e-07,-5.384659626305957e-06,-2.6030459349501402e-05,-2.6153449529819126e-05
V5-2025-12-01-L0.1-H60,V5,2025-12-01,2025-05-20,2025-11-20,2025-11-28,0.00233827003387324,0.012000158384296014,60,12087,126,0.1,,True,5.171453112937776e-06,-7.865610150202006e-05,1.1515415513778975e-05,-2.9268482650272493e-05,1.0663616632870924e-05,-5.057635113275346e-06,-1.905359642592751e-05,1.5155541840982174e-05,3.607554915109324e-05,1.890957257500073e-05,2.467801098785623e-05,CONVERGENCE: NORM OF PROJECTED GRADIENT <= PGTOL,0.0036731984211314708,1.8708188982784583e-13,2.0,9.271849644144945e-06,1.3365706249887679e-05,-0.00010317562440724072,4.3592702191927534e-05,-3.575330414942979e-05,-4.43924024058079e-05,4.1299197798438705e-05,8.241751225130967e-05,5.831754629015509e-05,9.5241395823086e-05,4.8965789814024156e-05,2.5681816691251153e-05,3.206445179842802e-05,-4.237764064508256e-05,2.1557430979880643e-05,-6.03272064189892e-06,9.671077649007048e-05,-1.8681819710859262e-05,1.40642671513185e-06,1.647742829593318e-05,-5.943739229496852e-05,-8.343050121020838e-05
V5-2026-01-05-L0.1-H60,V5,2026-01-05,2025-06-23,2025-12-23,2025-12-31,0.0021031973050478917,0.010454039619025279,60,12030,126,0.1,,True,3.103179740644368e-05,-4.9989073581364775e-05,2.524779014290324e-05,-1.597944810008141e-05,1.8437655400798533e-05,2.0826669578406593e-06,-1.2632102542430138e-05,-1.4881819244236042e-06,5.2473478547880954e-06,3.6814077445447978e-06,1.531949999026215e-05,CONVERGENCE: NORM OF PROJECTED GRADIENT <= PGTOL,0.0032711462704602475,5.2248278153574456e-14,2.0,1.6427660242008344e-05,8.024646248416725e-06,-6.517805369146862e-05,3.024385951841737e-05,-3.516982285245176e-05,-2.8229480576739475e-05,2.789505133660517e-05,4.922856716272666e-05,4.27595325424593e-05,5.922120746043448e-05,3.845622908186558e-05,1.4705251514378944e-05,-1.3206871652801599e-05,-8.758498503863326e-06,-1.3548951965540508e-05,-4.179007724353698e-05,7.28560682090635e-05,-5.2900368417289126e-05,-3.1042769141765725e-05,2.213825424564705e-05,-3.069451728839073e-05,-4.4188913902477835e-05
V5-2026-02-02-L0.1-H60,V5,2026-02-02,2025-07-21,2026-01-22,2026-01-30,0.0027954296901284083,0.014766513426502996,60,11962,126,0.1,,True,2.453422196737279e-05,-5.0477033455429106e-05,7.200044657994974e-05,-2.6392397240199733e-05,3.092698814956966e-05,-1.0777156282388549e-05,-2.118007561932452e-05,2.9858436068727857e-05,-3.257173732615986e-05,6.364107834746873e-07,3.3020348620022335e-05,CONVERGENCE: NORM OF PROJECTED GRADIENT <= PGTOL,0.0036188405381841733,4.142862841795688e-13,2.0,2.5660394434670786e-05,8.890482595160096e-07,-8.373346733093764e-05,3.6854739464540866e-05,-3.7013178841827306e-05,-2.074126421988299e-05,4.636988197159993e-05,4.7536603739097046e-05,2.9035714917011183e-05,5.585128984883857e-05,3.9620699679641465e-05,1.150985671367597e-05,-1.787575196504219e-05,4.053999400177502e-05,2.542505647149666e-05,-4.524742769908548e-05,0.00010261114300075018,-0.000134003125337972,8.928395978767747e-06,4.4920554811674206e-05,-8.062376532355276e-05,-1.0588798411212731e-05
V5-2026-03-02-L0.1-H60,V5,2026-03-02,2025-08-08,2026-02-11,2026-02-27,0.0024029715844640087,0.012964115102268449,60,11936,126,0.1,,True,1.1635240832469338e-05,-4.769463057622488e-05,1.9089022059298767e-05,-6.123167971707505e-06,1.8668075009284264e-05,-2.4459218920019063e-05,5.541477147919106e-06,3.4841928850772766e-05,-3.223006086935526e-05,-3.144131422197285e-06,3.694302622822789e-05,CONVERGENCE: NORM OF PROJECTED GRADIENT <= PGTOL,0.0036457276887554963,2.262558424100984e-13,2.0,2.3037792995890544e-05,-1.7410613171026933e-06,-3.72120064653617e-05,1.9201113377117337e-05,-5.7095803958676394e-05,2.1924467483271097e-05,5.8530641290313e-05,2.5840524818867435e-05,1.773111683473525e-05,7.080289609689499e-05,3.3888820985152546e-05,4.407077865517308e-06,-7.591971266307428e-05,4.2488338219313386e-05,-5.891207831852949e-07,2.627803848476222e-06,7.945375484817465e-05,-0.00011849021820056329,-1.0787209863510739e-05,6.689404848385249e-05,-7.340729896459842e-05,8.045647986622383e-06
V5-2026-04-01-L0.1-H60,V5,2026-04-01,2025-09-09,2026-03-23,2026-03-31,0.0017378929983365755,0.009814734626491068,60,11996,126,0.1,,True,9.988110310286765e-06,-2.1074377510253382e-05,-4.1671619741395594e-05,1.748792354770973e-05,2.024206353138593e-05,-7.555812241501057e-06,-6.654282190381823e-06,3.101069359353674e-05,-4.315115883667428e-05,4.631733104218954e-06,4.102664750630658e-05,CONVERGENCE: NORM OF PROJECTED GRADIENT <= PGTOL,0.0036194053452700548,7.840135357613266e-14,2.0,2.008425147599829e-05,-1.1413547748581891e-05,1.2273392879929098e-05,2.6141002936755252e-05,-2.4147849205696164e-05,3.231395883593442e-06,4.0479129903858026e-05,-1.2316712587724135e-05,1.475733835363617e-05,7.237270541720854e-05,3.515229507750725e-05,-1.078302109374947e-05,-8.598436912655755e-05,-2.0653710978346147e-05,3.805550027007303e-05,-2.080438494737529e-05,6.913841677294667e-05,-0.00011620624458287974,-1.9024494391667053e-05,4.36577098360207e-05,-0.00010279877088537313,-5.445597306373341e-05
V5-2026-05-06-L0.1-H60,V5,2026-05-06,2025-10-16,2026-04-22,2026-04-30,0.0005668470274259762,0.0041326317378508,60,12080,126,0.1,,True,-2.7523452038819414e-06,-9.074415946294719e-06,-1.7994360275152255e-05,-9.440559883601092e-07,2.2498772741681228e-08,2.4227630294791703e-06,1.1034139344760855e-06,1.2148722636097906e-05,-1.689224442794363e-05,3.391368144282069e-06,7.959793568625778e-06,CONVERGENCE: NORM OF PROJECTED GRADIENT <= PGTOL,0.0034396353000152326,1.322816726895792e-15,2.0,9.636983228613814e-06,-7.969752908407623e-06,1.8113250670182454e-05,6.3279449784456515e-06,-9.214427630957289e-06,6.634116762395954e-06,1.1345862954524801e-05,-4.900078803987637e-07,1.0729786183443791e-06,2.8483852176677963e-05,4.199524628680872e-06,-8.918772195303912e-06,-6.772680103990643e-06,-2.849186913259532e-06,1.1763299741905737e-06,-5.3030316441336354e-06,1.1177307295823036e-05,-1.4435740346314065e-05,-1.9067314078226977e-05,4.971121642086304e-05,-2.137510826138328e-05,9.892674934559484e-06
V5-2026-06-01-L0.1-H60,V5,2026-06-01,2025-11-11,2026-05-21,2026-05-29,0.0015186365583120722,0.008840771084056011,60,12098,126,0.1,,True,-3.0357438008492497e-05,-4.781425867002049e-06,-9.699833818693152e-05,-5.239990357453981e-06,9.23607543805979e-06,2.4134096456044127e-05,-1.400393137038054e-05,2.9235038283645324e-05,-6.014680587922947e-05,8.83607447847637e-06,-8.871061408996332e-06,CONVERGENCE: NORM OF PROJECTED GRADIENT <= PGTOL,0.004017291333831409,9.509142394233299e-14,2.0,1.3516013038264865e-05,8.302728323290631e-07,3.9446003647541993e-05,1.2884940652483933e-05,-2.5786446627381674e-06,1.705470010322343e-06,2.037117519436911e-05,-2.1691152486595812e-05,4.450697288187609e-06,1.929975936593794e-05,-4.0388461971033575e-06,-7.996000194696673e-06,-7.747825366908844e-05,6.63563873450513e-06,-2.3918662938777466e-05,4.250048324726714e-05,4.188435512179362e-06,-0.0001056756727665092,-2.3310607265752887e-05,6.624871599902441e-05,7.74951472362422e-06,6.017005785578965e-05
V5-2026-07-01-L0.1-H60,V5,2026-07-01,2025-12-10,2026-06-22,2026-06-30,0.0028572734113388345,0.01577109665591004,60,12110,126,0.1,,True,-2.373112947736826e-05,7.026555044360988e-06,3.1293380115110457e-06,-6.909327696916978e-05,-9.809229211629581e-06,3.101277994212361e-05,-1.7173783859454873e-05,2.3187706331736206e-05,-0.00013086400287586959,-4.709986849943028e-05,-2.9565628776532786e-05,CONVERGENCE: NORM OF PROJECTED GRADIENT <= PGTOL,0.005212975607858966,1.1820827213081971e-12,2.0,2.707745832883708e-05,-8.11912723837579e-06,-1.4716197886128363e-05,-4.55926050331098e-06,-1.3090508658288509e-05,1.0591422863895339e-05,5.346603385843107e-06,-8.42354336022425e-05,-6.355807495620105e-05,1.9529990974127023e-05,1.5159003643702538e-06,-1.9911425292640385e-05,-6.722232706614732e-05,3.442166119303108e-05,-0.00010957947216460994,0.00017654606227703395,7.752024408190253e-06,-0.0001619369833008407,-5.423917844042603e-05,5.5790702568773625e-05,0.00016437300828080217,9.326267618087017e-05
V5-2026-08-03-L0.1-H60,V5,2026-08-03,2026-01-14,2026-07-23,2026-07-31,0.0014807090842395866,0.005668293086745481,60,12165,126,0.1,,True,1.984513536777786e-06,4.688639421547703e-06,-7.200206323629388e-05,-5.514951181631145e-06,7.47142019230872e-06,9.006256011642275e-06,-5.927275186293906e-06,4.5133345186790686e-06,-3.8495406922956346e-05,-1.043757368013683e-05,-7.375230377349047e-06,CONVERGENCE: NORM OF PROJECTED GRADIENT <= PGTOL,0.006137599908684568,1.2786745070019211e-14,2.0,9.057131177352238e-06,-4.575726456489051e-06,2.4762094506518442e-06,2.8678031862009685e-06,-2.374732364273401e-06,2.9543590945514893e-06,2.9115494762019774e-06,-2.4980002002905333e-05,-1.7919100872642144e-05,7.936100379058825e-06,3.235170013181366e-06,-1.0115966380791201e-05,-6.743858978856669e-05,-1.3350204268986531e-05,-6.331360414282139e-05,6.890339054153329e-05,-6.296419869279409e-05,-7.027387330272473e-05,-2.358513767818635e-05,1.643344134719251e-05,5.790524107145178e-05,2.3162476872205792e-05
